seat,runid,attempt_successful,time_from_start,bridge_yesno,bridge_radio_state,bridge_default_selection,bridge_custom_entry,proxy_yesno,proxy_type,proxy_addr,proxy_port,proxy_username,proxy_password
X01,20160323-131237,T,19.4,F,none,obfs3,,F,,,,,
X01,20160324-132503,T,5.0,F,none,obfs3,,F,,,,,
X01,20160324-132503,T,263.0,F,none,obfs3,,F,,,,,
X01,20160324-132503,T,383.8,F,none,obfs3,,F,,,,,
X01,20160328-131621,T,60.7,T,default,obfs3,,F,HTTP,,,,
X01,20160328-155906,T,9.2,F,none,obfs3,,F,,,,,
X01,20160330-161552,T,6.7,F,none,obfs3,,F,,,,,
X07,20160323-132145,T,75.6,F,none,obfs3,,F,,,,,
X07,20160325-175116,T,5.6,F,none,obfs3,,F,,,,,
X07,20160328-132132,T,6.4,F,none,obfs3,,F,,,,,
X07,20160328-155946,T,8.6,F,none,obfs3,,F,,,,,
X13,20160323-132649,T,5.8,F,none,obfs3,,F,,,,,
X13,20160325-135307,T,9.6,F,none,obfs3,,F,,,,,
X13,20160328-132906,T,20.2,T,default,obfs3,,F,,,,,
X13,20160328-132906,T,329.4,T,default,obfs3,,F,,,,,
X13,20160328-160018,T,3.8,F,none,obfs3,,F,,,,,
X13,20160330-161459,T,19.6,F,none,obfs3,,F,,,,,
X19,20160328-133411,T,2.9,F,none,obfs3,,F,,,,,
X19,20160328-160042,T,2.6,F,none,obfs3,,F,,,,,
X25,20160328-133936,T,7.9,F,none,obfs3,,F,,,,,
X25,20160328-155934,T,8.3,F,none,obfs3,,F,,,,,
X31,20160328-134440,T,6.6,F,none,obfs3,,F,,,,,
X02,20160323-131739,T,20.2,F,none,obfs3,,F,,,,,
X02,20160324-132450,T,34.3,T,default,obfs3,,F,,,,,
X02,20160325-135219,T,18.5,F,none,obfs3,,F,,,,,
X02,20160328-131704,T,8.3,F,none,obfs3,,F,,,,,
X02,20160328-155914,T,124.6,T,default,obfs3,,F,,,,,
X02,20160328-155914,T,437.4,T,default,obfs3,,F,,,,,
X08,20160325-141856,T,312.5,T,default,obfs3,,F,HTTP,128.32.339.21,,,
X08,20160325-175134,F,13.2,F,none,obfs3,,F,,,,,
X08,20160325-175134,T,71.4,T,default,obfs3,,F,,,,,
X08,20160328-132205,T,168.7,T,default,obfs3,,F,,,,,
X08,20160328-155945,T,85.1,F,default,obfs3,,F,,,,,
X08,20160330-161522,T,109.4,F,none,obfs3,,F,,,,,
X14,20160323-132643,T,6.8,F,none,obfs3,,F,,,,,
X14,20160328-132941,F,14.0,F,none,obfs3,,F,,,,,
X14,20160328-132941,T,175.7,F,none,obfs3,,F,,,,,
X14,20160328-160023,T,14.0,F,none,obfs3,,F,,,,,
X14,20160330-161456,T,16.7,F,none,obfs3,,F,,,,,
X20,20160328-133444,T,31.2,F,none,obfs3,,F,,,,,
X20,20160328-160053,T,55.6,F,none,obfs3,,F,,,,,
X20,20160330-161448,T,12.8,F,none,obfs3,,F,,,,,
X26,20160328-134003,T,163.1,T,default,obfs3,,F,,,,,
X26,20160328-155940,T,51.3,F,none,obfs3,,F,,,,,
X03,20160323-131622,F,6.6,F,none,obfs3,,F,,,,,
X03,20160323-131622,T,196.0,T,default,obfs3,,F,,,,,
X03,20160324-132509,F,15.9,F,none,obfs3,,F,,,,,
X03,20160324-132509,F,137.6,F,none,obfs3,,F,,,,,
X03,20160324-132509,F,360.5,F,none,obfs3,,F,,,,,
X03,20160324-132509,T,1501.5,T,default,obfs3,,F,,,,,
X03,20160325-175037,F,4.9,F,none,obfs3,,F,,,,,
X03,20160325-175037,T,132.0,T,default,obfs3,,F,,,,,
X03,20160328-131745,F,13.0,F,none,obfs3,,F,,,,,
X03,20160328-131745,T,192.0,T,default,obfs3,,F,HTTP,,,,
X03,20160328-155919,F,14.6,F,none,obfs3,,F,,,,,
X03,20160328-155919,F,111.8,F,none,obfs3,,F,,,,,
X03,20160328-155919,F,261.8,T,default,obfs3,,F,,,,,
X03,20160328-155919,F,274.1,T,default,obfs3,,F,,,,,
X03,20160328-155919,F,286.4,F,none,obfs3,,F,,,,,
X03,20160328-155919,T,821.9,T,default,obfs3,,F,,,,,
X03,20160330-161602,T,23.2,T,default,obfs3,,F,,,,,
X03,20160331-174710,F,7.6,F,none,obfs3,,F,,,,,
X03,20160331-174710,F,288.9,F,none,obfs3,,F,,,,,
X03,20160331-174710,F,388.9,F,none,obfs3,,F,,,,,
X03,20160331-174710,F,606.5,F,none,obfs3,,F,,,,,
X03,20160331-174710,T,726.7,T,default,obfs3,,F,,,,,
X09,20160323-132434,T,22.5,T,default,obfs3,,F,,,,,
X09,20160328-132425,F,6.9,F,none,obfs3,,F,,,,,
X09,20160328-132425,T,218.0,T,default,obfs3,,F,,,,,
X09,20160328-160000,F,6.0,F,none,obfs3,,F,,,,,
X09,20160328-160000,F,103.6,F,none,obfs3,,F,,,,,
X09,20160328-160000,F,336.9,F,none,obfs3,,F,,,,,
X09,20160328-160000,T,363.7,T,default,obfs3,,F,HTTP,,,,
X09,20160328-160000,T,583.0,T,default,obfs3,,F,,,,,
X09,20160330-161509,F,13.4,F,none,obfs3,,F,,,,,
X09,20160330-161509,T,166.1,T,default,obfs3,,F,,,,,
X15,20160323-132627,T,99.2,T,default,obfs3,,F,,,,,
X15,20160328-133005,F,23.5,F,none,obfs3,,F,,,,,
X15,20160328-133005,F,179.3,F,none,obfs3,,F,,,,,
X15,20160328-133005,T,263.1,T,default,obfs3,,F,,,,,
X15,20160328-160026,F,8.8,F,none,obfs3,,F,,,,,
X15,20160328-160026,T,132.7,T,default,obfs3,,F,,,,,
X21,20160323-133257,F,7.4,F,none,obfs3,,F,,,,,
X21,20160328-133650,F,5.7,F,none,obfs3,,F,,,,,
X21,20160328-133650,T,146.6,T,default,obfs3,,F,,,,,
X21,20160328-155918,F,27.3,T,default,flashproxy,,F,,,,,
X21,20160328-155918,T,141.0,T,default,obfs3,,F,SOCKS5,https;//en.wikipedia.org/wiki/Main_page,,,
X21,20160328-155918,T,389.6,T,default,meek-azure,,F,,https;//en.wikipedia.org/wiki/Main_page,,,
X27,20160328-134034,F,7.0,F,none,obfs3,,F,,,,,
X27,20160328-134034,F,260.6,F,none,obfs3,,F,,,,,
X27,20160328-134034,T,317.2,T,default,obfs3,,F,,,,,
X27,20160328-155941,F,6.3,F,none,obfs3,,F,,,,,
X27,20160328-155941,T,133.1,T,default,obfs3,,F,HTTP,,,,
X04,20160323-131714,F,18.1,F,none,obfs3,,F,,,,,
X04,20160323-131714,F,29.7,T,default,obfs3,,F,,,,,
X04,20160323-131714,T,38.0,T,default,obfs3,,F,,,,,
X04,20160324-132523,F,24.2,F,none,obfs3,,F,,,,,
X04,20160324-132523,F,108.2,F,none,obfs3,,F,,,,,
X04,20160324-132523,T,176.1,T,default,obfs3,,F,,,,,
X04,20160324-155023,F,11.6,F,none,obfs3,,F,,,,,
X04,20160324-155023,T,153.8,T,default,obfs3,,F,,,,,
X04,20160328-131820,F,35.1,F,none,obfs3,,F,,,,,
X04,20160328-131820,F,385.9,F,none,obfs3,,F,,,,,
X04,20160328-131820,F,547.8,F,none,obfs3,,F,,,,,
X04,20160328-131820,F,606.0,F,none,obfs3,,F,,,,,
X04,20160328-131820,F,666.1,F,none,obfs3,,F,,,,,
X04,20160328-131820,F,717.3,F,none,obfs3,,F,,,,,
X04,20160328-131820,F,761.1,F,none,obfs3,,F,,,,,
X04,20160328-131820,F,1019.0,F,none,obfs3,,F,,,,,
X04,20160328-131820,F,1176.0,F,none,obfs3,,F,,,,,
X04,20160328-131820,F,1209.8,F,none,obfs3,,F,,,,,
X04,20160328-131820,F,1242.0,F,none,obfs3,,F,,,,,
X04,20160328-131820,F,1420.3,F,none,obfs3,,F,,,,,
X04,20160328-131820,F,1689.2,F,none,obfs3,,F,,,,,
X04,20160328-131820,T,1879.4,T,default,obfs3,,F,,,,,
X04,20160328-155923,T,649.7,T,default,obfs3,,F,HTTP,,,,
X04,20160330-163058,T,129.5,T,default,obfs3,,F,,,,,
X04,20160330-181928,F,11.5,F,none,obfs3,,F,,,,,
X04,20160330-181928,F,1471.1,F,none,obfs3,,F,,,,,
X04,20160330-181928,F,1951.5,F,none,obfs3,,F,,,,,
X04,20160331-153002,T,45.4,T,default,obfs3,,F,,,,,
X10,20160328-132828,F,62.1,F,none,obfs3,,F,,,,,
X10,20160328-132828,F,698.6,F,none,obfs3,,T,SOCKS5,128.32.229.23,8080,,
X10,20160328-132828,F,1084.3,F,none,obfs3,,T,HTTP,128.32.229.23,8080,,
X10,20160328-132828,F,1128.5,F,none,obfs3,,T,HTTP,128.32.229.23,8080,,
X10,20160328-132828,F,1134.5,F,none,obfs3,,T,HTTP,128.32.229.23,8080,,
X10,20160328-132828,F,1165.0,T,default,obfs3,,T,HTTP,128.32.229.23,8080,,
X10,20160328-132828,F,1321.4,T,default,obfs3,,T,SOCKS4,128.32.229.23,8080,,
X10,20160328-132828,F,1851.5,T,default,obfs3,,T,SOCKS5,128.32.229.23,8080,,
X10,20160328-132828,F,2400.7,T,default,obfs3,,T,SOCKS5,128.32.229.23,8080,,
X10,20160328-160005,F,11.7,F,none,obfs3,,F,,,,,
X10,20160328-160005,F,355.3,T,default,obfs3,,T,HTTP,128.32.229.23,,,
X10,20160328-160005,T,885.4,T,default,obfs3,,F,,128.32.229.23,,,
X10,20160330-181958,F,15.3,F,none,obfs3,,F,,,,,
X10,20160330-181958,T,102.5,T,default,obfs3,,F,,,,,
X10,20160331-153028,F,14.6,F,none,obfs3,,F,,,,,
X10,20160331-153028,F,196.2,F,none,obfs3,,F,,,,,
X10,20160331-153028,F,292.0,F,none,obfs3,,F,,,,,
X10,20160331-153028,F,2399.4,F,none,obfs3,,F,,,,,
X10,20160331-153028,F,2412.8,F,none,obfs3,,F,,,,,
X16,20160323-132616,F,12.0,F,none,obfs3,,F,,,,,
X16,20160323-132616,T,62.2,T,default,obfs3,,F,,,,,
X16,20160328-133044,F,17.9,F,none,obfs3,,F,,,,,
X16,20160328-133044,F,89.1,F,none,obfs3,,F,,,,,
X16,20160328-133044,F,95.1,F,none,obfs3,,F,,,,,
X16,20160328-133044,T,295.2,T,default,obfs3,,F,,,,,
X16,20160328-160027,F,11.7,F,none,obfs3,,F,,,,,
X16,20160328-160027,T,135.3,T,default,obfs3,,F,,,,,
X16,20160330-161459,F,14.8,F,none,obfs3,,F,,,,,
X16,20160330-161459,T,268.6,T,default,obfs3,,F,,,,,
X16,20160331-153111,F,8.4,F,none,obfs3,,F,,,,,
X16,20160331-153111,F,157.6,F,none,obfs3,,F,,,,,
X16,20160331-153111,T,284.3,T,default,obfs3,,F,,,,,
X22,20160328-133742,F,11.2,F,none,obfs3,,F,,,,,
X22,20160328-133742,T,333.2,T,default,obfs3,,F,,,,,
X22,20160328-155920,T,95.3,T,default,obfs3,,F,,,,,
X28,20160328-155947,F,17.3,F,none,obfs3,,F,,,,,
X28,20160328-155947,F,92.7,F,none,obfs3,,F,,,,,
X28,20160328-155947,F,218.3,F,none,obfs3,,F,,,,,
X28,20160328-155947,T,437.4,T,default,obfs3,,F,,,,,
X05,20160324-132535,F,5.2,F,none,obfs3,,F,,,,,
X05,20160324-132535,F,152.1,F,none,obfs3,,F,,,,,
X05,20160324-132535,F,445.7,F,none,obfs3,,F,,,,,
X05,20160324-155019,F,7.5,F,none,obfs3,,F,,,,,
X05,20160324-155019,F,80.7,F,none,obfs3,,F,,,,,
X05,20160324-155019,F,242.8,T,default,obfs3,,F,HTTP,wikipedia.com,,,
X05,20160324-155019,F,448.9,T,default,obfs3,,F,HTTP,wikipedia.com,,,
X05,20160324-155019,F,1066.8,T,default,obfs3,,F,HTTP,wikipedia.com,,,
X05,20160324-155019,F,1126.4,F,none,obfs3,,F,HTTP,wikipedia.com,,,
X05,20160324-155019,F,1167.9,T,default,obfs3,,F,,wikipedia.com,,,
X05,20160324-155019,F,1281.0,T,default,meek-google,,F,,wikipedia.com,,,
X05,20160324-155019,T,1361.1,T,default,meek-amazon,,F,,wikipedia.com,,,
X05,20160328-132029,F,8.8,F,none,obfs3,,F,,,,,
X05,20160328-132029,F,136.2,T,default,obfs3,,F,,,,,
X05,20160328-132029,F,248.3,T,default,obfs3,,F,HTTP,,,,
X05,20160328-132029,F,326.5,T,default,flashproxy,,F,,,,,
X05,20160328-132029,F,374.1,T,default,fte,,F,,,,,
X05,20160328-132029,F,414.6,F,none,fte,,F,,,,,
X05,20160328-132029,F,447.6,T,default,fte-ipv6,,F,,,,,
X05,20160328-132029,T,505.7,T,default,meek-amazon,,F,,,,,
X05,20160328-155932,F,7.4,F,none,obfs3,,F,,,,,
X05,20160328-155932,F,455.0,F,none,obfs3,,F,,,,,
X05,20160328-155932,F,726.0,T,default,flashproxy,,F,,,,,
X05,20160328-155932,F,914.3,T,default,flashproxy,,F,,,,,
X05,20160328-155932,T,1253.0,T,default,meek-amazon,,F,,,,,
X05,20160330-161524,F,24.3,F,none,obfs3,,F,,,,,
X05,20160330-161524,F,778.5,T,default,obfs3,,F,HTTP,,,,
X05,20160330-161524,F,1125.3,T,default,obfs3,,F,,,,,
X05,20160330-161524,T,1193.0,T,default,meek-amazon,,F,,,,,
X05,20160331-174656,F,8.4,F,none,obfs3,,F,,,,,
X05,20160331-174656,F,128.1,F,none,obfs3,,F,,,,,
X05,20160331-174656,F,284.7,T,default,obfs3,,F,,,,,
X05,20160331-174656,T,503.1,T,default,meek-amazon,,F,,,,,
X11,20160323-132549,F,357.6,F,none,obfs3,,F,,,,,
X11,20160323-132549,F,568.4,T,default,obfs3,,F,,,,,
X11,20160323-132549,T,726.6,T,default,meek-amazon,,F,,,,,
X11,20160328-132535,F,26.3,F,none,obfs3,,F,,,,,
X11,20160328-132535,F,247.6,T,default,obfs3,,F,,,,,
X11,20160328-132535,F,544.2,T,default,obfs3,,F,,,,,
X11,20160328-132535,T,883.7,T,default,meek-google,,F,,,,,
X11,20160328-160009,F,4.8,F,none,obfs3,,F,,,,,
X11,20160328-160009,F,243.6,T,default,obfs3,,F,,,,,
X11,20160328-160009,F,409.9,T,default,meek-google,,F,,,,,
X11,20160328-160009,T,429.1,T,default,meek-azure,,F,,,,,
X11,20160330-161511,F,8.5,F,none,obfs3,,F,,,,,
X11,20160330-161511,F,128.7,F,none,obfs3,,F,,,,,
X11,20160330-161511,F,363.7,T,default,obfs3,,F,,,,,
X11,20160331-174655,F,4.9,F,none,obfs3,,F,,,,,
X11,20160331-174655,F,454.4,T,default,obfs3,,F,,,,,
X11,20160331-174655,F,652.0,T,default,flashproxy,,F,HTTP,,,,
X11,20160331-174655,F,712.0,T,default,flashproxy,,F,,,,,
X11,20160331-174655,F,1002.4,F,none,flashproxy,,F,SOCKS4,,,,
X11,20160331-174655,F,1203.5,T,default,flashproxy,,F,,,,,
X11,20160331-174655,F,1604.2,T,default,flashproxy,,F,,,,,
X11,20160331-174655,F,1663.8,T,default,obfs3,,F,HTTP,rt.torproject.org,,,
X11,20160331-174655,F,2121.0,T,default,obfs3,,F,HTTP,rt.torproject.org,,,
X17,20160323-133002,F,10.1,F,none,obfs3,,F,,,,,
X17,20160323-133002,F,1343.7,F,none,obfs3,,F,,,,,
X17,20160323-133002,F,1497.2,F,none,obfs3,,F,,,,,
X17,20160328-133311,F,7.0,F,none,obfs3,,F,,,,,
X17,20160328-133311,F,242.4,F,none,obfs3,,F,,,,,
X17,20160328-133311,F,347.4,T,default,obfs3,,F,,,,,
X17,20160328-133311,F,640.1,T,default,meek-google,,F,HTTP,https://en.wikipedia.org/wiki/Main_Page,,,
X17,20160328-133311,T,671.4,T,default,meek-google,,F,,,,,
X17,20160328-160037,F,8.2,F,none,obfs3,,F,,,,,
X17,20160328-160037,F,176.4,F,none,obfs3,,F,,,,,
X17,20160328-160037,F,259.5,F,none,obfs3,,F,,,,,
X17,20160328-160037,F,290.7,T,default,obfs3,,F,,,,,
X17,20160328-160037,F,433.9,T,default,obfs3,,F,,,,,
X17,20160328-160037,F,607.7,T,default,obfs3,,F,SOCKS5,localhost,,,
X17,20160328-160037,F,852.5,T,default,obfs3,,F,HTTP,localhost,,,
X17,20160328-160037,F,929.7,T,default,obfs3,,F,HTTP,localhost,,,
X17,20160328-160037,F,1072.3,T,default,obfs3,,F,SOCKS5,127.0.0.1,9150,,
X17,20160328-160037,F,1121.9,T,default,obfs3,,F,SOCKS5,128.32.229.76,,,
X17,20160328-160037,F,1340.2,T,default,obfs3,,F,SOCKS5,128.32.229.76,,,
X17,20160328-160037,F,1392.5,T,default,obfs3,,F,HTTP,127.0.0.1,8118,,
X17,20160328-160037,F,1547.6,T,default,obfs3,,F,HTTP,127.0.0.1,9051,,
X17,20160328-160037,F,1965.1,T,default,obfs3,,F,SOCKS5,127.0.0.1,9050,,
X17,20160328-160037,F,2056.0,T,default,obfs3,,F,SOCKS5,127.0.0.1,9150,,
X17,20160328-160037,F,2335.2,T,default,obfs3,,F,SOCKS5,127.0.0.1,9150,,
X17,20160328-160037,F,2448.7,T,default,obfs3,,F,SOCKS5,127.0.0.1,9150,,
X17,20160330-161437,F,47.9,T,default,obfs3,,F,,,,,
X17,20160330-161437,T,243.9,T,default,meek-google,,F,,,,,
X18,20160330-170145,F,1221.8,F,none,obfs3,,F,,,,,
X18,20160330-170145,F,1974.3,T,custom,obfs3,"INST f7a2a98d15f05e35 2016-03-23T21:12:08.500Z {""type"":""start""}
INST f7a2a98d15f05e35 2016-03-23T21:12:09.500Z {""type"":""select"",""target_tagname"":""menulist"",""target_id"":""proxyType"",""value"":""""}
INST f7a2a98d15f05e35 2016-03-23T21:12:09.500Z {""type"":""wizardnext"",""target_tagname"":""wizard"",""target_id"":""TorNetworkSettings""}
INST f7a2a98d15f05e35 2016-03-23T21:12:09.500Z {""type"":""pageshow"",""target_tagname"":""wizardpage"",""target_id"":""first""}
INST f7a2a98d15f05e35 2016-03-23T21:12:09.500Z {""type"":""load"",""target_id"":""configuration""}
INST f7a2a98d15f05e35 2016-03-23T21:12:09.500Z {""type"":""select"",""target_tagname"":""menulist"",""target_id"":""defaultBridgeType"",""value"":""obfs3""}
INST f7a2a98d15f05e35 2016-03-23T21:12:27.900Z {""type"":""click"",""target_tagname"":""button"",""target_id"":""connect_button"",""detail"":1}
INST f7a2a98d15f05e35 2016-03-23T21:12:27.900Z {""type"":""pagehide"",""target_tagname"":""wizardpage"",""target_id"":""first""}
INST f7a2a98d15f05e35 2016-03-23T21:12:27.900Z {""type"":""pageadvanced"",""target_tagname"":""wizardpage"",""target_id"":""first""}
INST f7a2a98d15f05e35 2016-03-23T21:12:27.900Z {""type"":""wizardnext"",""target_tagname"":""wizard"",""target_id"":""TorNetworkSettings""}
INST f7a2a98d15f05e35 2016-03-23T21:12:27.900Z {""type"":""pageshow"",""target_tagname"":""wizardpage"",""target_id"":""inlineprogress""}
INST f7a2a98d15f05e35 2016-03-23T21:12:27.900Z {""type"":""command"",""target_tagname"":""button"",""target_id"":""connect_button""}
INST f7a2a98d15f05e35 2016-03-23T21:12:28.100Z {""type"":""progresschanged"",""target_tagname"":""progressmeter"",""target_id"":""progressMeter"",""value"":5}
INST f7a2a98d15f05e35 2016-03-23T21:12:28.100Z {""type"":""good"",""target_tagname"":""image"",""target_id"":""progressbar"",""configurationSettings"":""nobridge-noproxy"",""number"":1}
INST f7a2a98d15f05e35 2016-03-23T21:12:28.100Z {""type"":""progresschanged"",""target_tagname"":""progressmeter"",""target_id"":""progressMeter"",""value"":10}
INST f7a2a98d15f05e35 2016-03-23T21:12:28.100Z {""type"":""good"",""target_tagname"":""image"",""target_id"":""progressbar"",""configurationSettings"":""nobridge-noproxy"",""number"":1}
INST f7a2a98d15f05e35 2016-03-23T21:12:28.200Z {""type"":""progresschanged"",""target_tagname"":""progressmeter"",""target_id"":""progressMeter"",""value"":15}
INST f7a2a98d15f05e35 2016-03-23T21:12:28.200Z {""type"":""good"",""target_tagname"":""image"",""target_id"":""progressbar"",""configurationSettings"":""nobridge-noproxy"",""number"":1}
INST f7a2a98d15f05e35 2016-03-23T21:12:28.300Z {""type"":""progresschanged"",""target_tagname"":""progressmeter"",""target_id"":""progressMeter"",""value"":20}
INST f7a2a98d15f05e35 2016-03-23T21:12:28.300Z {""type"":""good"",""target_tagname"":""image"",""target_id"":""progressbar"",""configurationSettings"":""nobridge-noproxy"",""number"":1}
INST f7a2a98d15f05e35 2016-03-23T21:12:28.400Z {""type"":""progresschanged"",""target_tagname"":""progressmeter"",""target_id"":""progressMeter"",""value"":25}
INST f7a2a98d15f05e35 2016-03-23T21:12:28.400Z {""type"":""good"",""target_tagname"":""image"",""target_id"":""progressbar"",""configurationSettings"":""nobridge-noproxy"",""number"":2}
INST f7a2a98d15f05e35 2016-03-23T21:12:32.400Z {""type"":""progresschanged"",""target_tagname"":""progressmeter"",""target_id"":""progressMeter"",""value"":40}
INST f7a2a98d15f05e35 2016-03-23T21:12:32.400Z {""type"":""good"",""target_tagname"":""image"",""target_id"":""progressbar"",""configurationSettings"":""nobridge-noproxy"",""number"":2}
INST f7a2a98d15f05e35 2016-03-23T21:12:32.700Z {""type"":""progresschanged"",""target_tagname"":""progressmeter"",""target_id"":""progressMeter"",""value"":45}
INST f7a2a98d15f05e35 2016-03-23T21:12:32.700Z {""type"":""good"",""target_tagname"":""image"",""target_id"":""progressbar"",""configurationSettings"":""nobridge-noproxy"",""number"":2}
INST f7a2a98d15f05e35 2016-03-23T21:12:33.700Z {""type"":""progresschanged"",""target_tagname"":""progressmeter"",""target_id"":""progressMeter"",""value"":50}
INST f7a2a98d15f05e35 2016-03-23T21:12:33.700Z {""type"":""good"",""target_tagname"":""image"",""target_id"":""progressbar"",""configurationSettings"":""nobridge-noproxy"",""number"":2}
INST f7a2a98d15f05e35 2016-03-23T21:12:35.900Z {""type"":""progresschanged"",""target_tagname"":""progressmeter"",""target_id"":""progressMeter"",""value"":51}
INST f7a2a98d15f05e35 2016-03-23T21:12:35.900Z {""type"":""good"",""target_tagname"":""image"",""target_id"":""progressbar"",""configurationSettings"":""nobridge-noproxy"",""number"":2}
INST f7a2a98d15f05e35 2016-03-23T21:12:36.100Z {""type"":""progresschanged"",""target_tagname"":""progressmeter"",""target_id"":""progressMeter"",""value"":52}
INST f7a2a98d15f05e35 2016-03-23T21:12:36.100Z {""type"":""good"",""target_tagname"":""image"",""target_id"":""progressbar"",""configurationSettings"":""nobridge-noproxy"",""number"":2}
INST f7a2a98d15f05e35 2016-03-23T21:12:36.400Z {""type"":""progresschanged"",""target_tagname"":""progressmeter"",""target_id"":""progressMeter"",""value"":54}
INST f7a2a98d15f05e35 2016-03-23T21:12:36.400Z {""type"":""good"",""target_tagname"":""image"",""target_id"":""progressbar"",""configurationSettings"":""nobridge-noproxy"",""number"":2}
INST f7a2a98d15f05e35 2016-03-23T21:12:36.800Z {""type"":""progresschanged"",""target_tagname"":""progressmeter"",""target_id"":""progressMeter"",""value"":56}
INST f7a2a98d15f05e35 2016-03-23T21:12:36.800Z {""type"":""good"",""target_tagname"":""image"",""target_id"":""progressbar"",""configurationSettings"":""nobridge-noproxy"",""number"":2}
INST f7a2a98d15f05e35 2016-03-23T21:12:38.800Z {""type"":""progresschanged"",""target_tagname"":""progressmeter"",""target_id"":""progressMeter"",""value"":59}
INST f7a2a98d15f05e35 2016-03-23T21:12:38.800Z {""type"":""good"",""target_tagname"":""image"",""target_id"":""progressbar"",""configurationSettings"":""nobridge-noproxy"",""number"":2}
INST f7a2a98d15f05e35 2016-03-23T21:12:39.200Z {""type"":""progresschanged"",""target_tagname"":""progressmeter"",""target_id"":""progressMeter"",""value"":63}
INST f7a2a98d15f05e35 2016-03-23T21:12:39.200Z {""type"":""good"",""target_tagname"":""image"",""target_id"":""progressbar"",""configurationSettings"":""nobridge-noproxy"",""number"":2}
INST f7a2a98d15f05e35 2016-03-23T21:12:39.200Z {""type"":""progresschanged"",""target_tagname"":""progressmeter"",""target_id"":""progressMeter"",""value"":69}
INST f7a2a98d15f05e35 2016-03-23T21:12:39.200Z {""type"":""good"",""target_tagname"":""image"",""target_id"":""progressbar"",""configurationSettings"":""nobridge-noproxy"",""number"":2}
INST f7a2a98d15f05e35 2016-03-23T21:13:06.900Z {""type"":""progresschanged"",""target_tagname"":""progressmeter"",""target_id"":""progressMeter"",""value"":69}
INST f7a2a98d15f05e35 2016-03-23T21:13:06.900Z {""type"":""good"",""target_tagname"":""image"",""target_id"":""progressbar"",""configurationSettings"":""nobridge-noproxy"",""number"":2}
INST f7a2a98d15f05e35 2016-03-23T21:13:13.200Z {""type"":""progresschanged"",""target_tagname"":""progressmeter"",""target_id"":""progressMeter"",""value"":74}
INST f7a2a98d15f05e35 2016-03-23T21:13:13.200Z {""type"":""good"",""target_tagname"":""image"",""target_id"":""progressbar"",""configurationSettings"":""nobridge-noproxy"",""number"":2}
INST f7a2a98d15f05e35 2016-03-23T21:13:14.200Z {""type"":""progresschanged"",""target_tagname"":""progressmeter"",""target_id"":""progressMeter"",""value"":80}
INST f7a2a98d15f05e35 2016-03-23T21:13:14.200Z {""type"":""good"",""target_tagname"":""image"",""target_id"":""progressbar"",""configurationSettings"":""nobridge-noproxy"",""number"":2}
INST f7a2a98d15f05e35 2016-03-23T21:13:14.200Z {""type"":""progresschanged"",""target_tagname"":""progressmeter"",""target_id"":""progressMeter"",""value"":90}
INST f7a2a98d15f05e35 2016-03-23T21:13:14.200Z {""type"":""good"",""target_tagname"":""image"",""target_id"":""progressbar"",""configurationSettings"":""nobridge-noproxy"",""number"":2}
INST f7a2a98d15f05e35 2016-03-23T21:13:15.000Z {""type"":""progresschanged"",""target_tagname"":""progressmeter"",""target_id"":""progressMeter"",""value"":100}
INST f7a2a98d15f05e35 2016-03-23T21:13:15.000Z {""type"":""good"",""target_tagname"":""image"",""target_id"":""progressbar"",""configurationSettings"":""nobridge-noproxy"",""number"":3}
INST f7a2a98d15f05e35 2016-03-23T21:13:15.300Z {""type"":""unload"",""target_id"":""configuration""}
INST ae5210ab461a9c39 2016-03-23T21:32:49.300Z {""type"":""start""}
INST ae5210ab461a9c39 2016-03-23T21:32:50.300Z {""type"":""select"",""target_tagname"":""menulist"",""target_id"":""proxyType"",""value"":""""}
INST ae5210ab461a9c39 2016-03-23T21:32:50.300Z {""type"":""wizardnext"",""target_tagname"":""wizard"",""target_id"":""TorNetworkSettings""}
INST ae5210ab461a9c39 2016-03-23T21:32:50.300Z {""type"":""pageshow"",""target_tagname"":""wizardpage"",""target_id"":""first""}
INST ae5210ab461a9c39 2016-03-23T21:32:50.300Z {""type"":""load"",""target_id"":""configuration""}
INST ae5210ab461a9c39 2016-03-23T21:32:50.300Z {""type"":""select"",""target_tagname"":""menulist"",""target_id"":""defaultBridgeType"",""value"":""obfs3""}
INST ae5210ab461a9c39 2016-03-23T21:32:50.400Z {""type"":""progresschanged"",""target_tagname"":""progressmeter"",""target_id"":""progressMeter"",""value"":85}
INST ae5210ab461a9c39 2016-03-23T21:32:50.400Z {""type"":""good"",""target_tagname"":""image"",""target_id"":""progressbar"",""configurationSettings"":""nobridge-noproxy"",""number"":2}
INST ae5210ab461a9c39 2016-03-23T21:32:50.800Z {""type"":""progresschanged"",""target_tagname"":""progressmeter"",""target_id"":""progressMeter"",""value"":90}
INST ae5210ab461a9c39 2016-03-23T21:32:50.800Z {""type"":""good"",""target_tagname"":""image"",""target_id"":""progressbar"",""configurationSettings"":""nobridge-noproxy"",""number"":2}
INST ae5210ab461a9c39 2016-03-23T21:32:51.700Z {""type"":""progresschanged"",""target_tagname"":""progressmeter"",""target_id"":""progressMeter"",""value"":100}
INST ae5210ab461a9c39 2016-03-23T21:32:51.700Z {""type"":""good"",""target_tagname"":""image"",""target_id"":""progressbar"",""configurationSettings"":""nobridge-noproxy"",""number"":3}
INST ae5210ab461a9c39 2016-03-23T21:32:52.000Z {""type"":""unload"",""target_id"":""configuration""}
",F,HTTP,"INST f7a2a98d15f05e35 2016-03-23T21:12:08.500Z {""type"":""start""} INST f7a2a98d15f05e35 2016-03-23T21:12:09.500Z {""type"":""select"",""target_tagname"":""menulist"",""target_id"":""proxyType"",""value"":""""} INST f7a2a98d15f05e35 2016-03-23T21:12:09.500Z {""type"":""wizardnext"",""target_tagname"":""wizard"",""target_id"":""TorNetworkSettings""} INST f7a2a98d15f05e35 2016-03-23T21:12:09.500Z {""type"":""pageshow"",""target_tagname"":""wizardpage"",""target_id"":""first""} INST f7a2a98d15f05e35 2016-03-23T21:12:09.500Z {""type"":""load"",""target_id"":""configuration""} INST f7a2a98d15f05e35 2016-03-23T21:12:09.500Z {""type"":""select"",""target_tagname"":""menulist"",""target_id"":""defaultBridgeType"",""value"":""obfs3""} INST f7a2a98d15f05e35 2016-03-23T21:12:27.900Z {""type"":""click"",""target_tagname"":""button"",""target_id"":""connect_button"",""detail"":1} INST f7a2a98d15f05e35 2016-03-23T21:12:27.900Z {""type"":""pagehide"",""target_tagname"":""wizardpage"",""target_id"":""first""} INST f7a2a98d15f05e35 2016-03-23T21:12:27.900Z {""type"":""pageadvanced"",""target_tagname"":""wizardpage"",""target_id"":""first""} INST f7a2a98d15f05e35 2016-03-23T21:12:27.900Z {""type"":""wizardnext"",""target_tagname"":""wizard"",""target_id"":""TorNetworkSettings""} INST f7a2a98d15f05e35 2016-03-23T21:12:27.900Z {""type"":""pageshow"",""target_tagname"":""wizardpage"",""target_id"":""inlineprogress""} INST f7a2a98d15f05e35 2016-03-23T21:12:27.900Z {""type"":""command"",""target_tagname"":""button"",""target_id"":""connect_button""} INST f7a2a98d15f05e35 2016-03-23T21:12:28.100Z {""type"":""progresschanged"",""target_tagname"":""progressmeter"",""target_id"":""progressMeter"",""value"":5} INST f7a2a98d15f05e35 2016-03-23T21:12:28.100Z {""type"":""good"",""target_tagname"":""image"",""target_id"":""progressbar"",""configurationSettings"":""nobridge-noproxy"",""number"":1} INST f7a2a98d15f05e35 2016-03-23T21:12:28.100Z {""type"":""progresschanged"",""target_tagname"":""progressmeter"",""target_id"":""progressMeter"",""value"":10} INST f7a2a98d15f05e35 2016-03-23T21:12:28.100Z {""type"":""good"",""target_tagname"":""image"",""target_id"":""progressbar"",""configurationSettings"":""nobridge-noproxy"",""number"":1} INST f7a2a98d15f05e35 2016-03-23T21:12:28.200Z {""type"":""progresschanged"",""target_tagname"":""progressmeter"",""target_id"":""progressMeter"",""value"":15} INST f7a2a98d15f05e35 2016-03-23T21:12:28.200Z {""type"":""good"",""target_tagname"":""image"",""target_id"":""progressbar"",""configurationSettings"":""nobridge-noproxy"",""number"":1} INST f7a2a98d15f05e35 2016-03-23T21:12:28.300Z {""type"":""progresschanged"",""target_tagname"":""progressmeter"",""target_id"":""progressMeter"",""value"":20} INST f7a2a98d15f05e35 2016-03-23T21:12:28.300Z {""type"":""good"",""target_tagname"":""image"",""target_id"":""progressbar"",""configurationSettings"":""nobridge-noproxy"",""number"":1} INST f7a2a98d15f05e35 2016-03-23T21:12:28.400Z {""type"":""progresschanged"",""target_tagname"":""progressmeter"",""target_id"":""progressMeter"",""value"":25} INST f7a2a98d15f05e35 2016-03-23T21:12:28.400Z {""type"":""good"",""target_tagname"":""image"",""target_id"":""progressbar"",""configurationSettings"":""nobridge-noproxy"",""number"":2} INST f7a2a98d15f05e35 2016-03-23T21:12:32.400Z {""type"":""progresschanged"",""target_tagname"":""progressmeter"",""target_id"":""progressMeter"",""value"":40} INST f7a2a98d15f05e35 2016-03-23T21:12:32.400Z {""type"":""good"",""target_tagname"":""image"",""target_id"":""progressbar"",""configurationSettings"":""nobridge-noproxy"",""number"":2} INST f7a2a98d15f05e35 2016-03-23T21:12:32.700Z {""type"":""progresschanged"",""target_tagname"":""progressmeter"",""target_id"":""progressMeter"",""value"":45} INST f7a2a98d15f05e35 2016-03-23T21:12:32.700Z {""type"":""good"",""target_tagname"":""image"",""target_id"":""progressbar"",""configurationSettings"":""nobridge-noproxy"",""number"":2} INST f7a2a98d15f05e35 2016-03-23T21:12:33.700Z {""type"":""progresschanged"",""target_tagname"":""progressmeter"",""target_id"":""progressMeter"",""value"":50} INST f7a2a98d15f05e35 2016-03-23T21:12:33.700Z {""type"":""good"",""target_tagname"":""image"",""target_id"":""progressbar"",""configurationSettings"":""nobridge-noproxy"",""number"":2} INST f7a2a98d15f05e35 2016-03-23T21:12:35.900Z {""type"":""progresschanged"",""target_tagname"":""progressmeter"",""target_id"":""progressMeter"",""value"":51} INST f7a2a98d15f05e35 2016-03-23T21:12:35.900Z {""type"":""good"",""target_tagname"":""image"",""target_id"":""progressbar"",""configurationSettings"":""nobridge-noproxy"",""number"":2} INST f7a2a98d15f05e35 2016-03-23T21:12:36.100Z {""type"":""progresschanged"",""target_tagname"":""progressmeter"",""target_id"":""progressMeter"",""value"":52} INST f7a2a98d15f05e35 2016-03-23T21:12:36.100Z {""type"":""good"",""target_tagname"":""image"",""target_id"":""progressbar"",""configurationSettings"":""nobridge-noproxy"",""number"":2} INST f7a2a98d15f05e35 2016-03-23T21:12:36.400Z {""type"":""progresschanged"",""target_tagname"":""progressmeter"",""target_id"":""progressMeter"",""value"":54} INST f7a2a98d15f05e35 2016-03-23T21:12:36.400Z {""type"":""good"",""target_tagname"":""image"",""target_id"":""progressbar"",""configurationSettings"":""nobridge-noproxy"",""number"":2} INST f7a2a98d15f05e35 2016-03-23T21:12:36.800Z {""type"":""progresschanged"",""target_tagname"":""progressmeter"",""target_id"":""progressMeter"",""value"":56} INST f7a2a98d15f05e35 2016-03-23T21:12:36.800Z {""type"":""good"",""target_tagname"":""image"",""target_id"":""progressbar"",""configurationSettings"":""nobridge-noproxy"",""number"":2} INST f7a2a98d15f05e35 2016-03-23T21:12:38.800Z {""type"":""progresschanged"",""target_tagname"":""progressmeter"",""target_id"":""progressMeter"",""value"":59} INST f7a2a98d15f05e35 2016-03-23T21:12:38.800Z {""type"":""good"",""target_tagname"":""image"",""target_id"":""progressbar"",""configurationSettings"":""nobridge-noproxy"",""number"":2} INST f7a2a98d15f05e35 2016-03-23T21:12:39.200Z {""type"":""progresschanged"",""target_tagname"":""progressmeter"",""target_id"":""progressMeter"",""value"":63} INST f7a2a98d15f05e35 2016-03-23T21:12:39.200Z {""type"":""good"",""target_tagname"":""image"",""target_id"":""progressbar"",""configurationSettings"":""nobridge-noproxy"",""number"":2} INST f7a2a98d15f05e35 2016-03-23T21:12:39.200Z {""type"":""progresschanged"",""target_tagname"":""progressmeter"",""target_id"":""progressMeter"",""value"":69} INST f7a2a98d15f05e35 2016-03-23T21:12:39.200Z {""type"":""good"",""target_tagname"":""image"",""target_id"":""progressbar"",""configurationSettings"":""nobridge-noproxy"",""number"":2} INST f7a2a98d15f05e35 2016-03-23T21:13:06.900Z {""type"":""progresschanged"",""target_tagname"":""progressmeter"",""target_id"":""progressMeter"",""value"":69} INST f7a2a98d15f05e35 2016-03-23T21:13:06.900Z {""type"":""good"",""target_tagname"":""image"",""target_id"":""progressbar"",""configurationSettings"":""nobridge-noproxy"",""number"":2} INST f7a2a98d15f05e35 2016-03-23T21:13:13.200Z {""type"":""progresschanged"",""target_tagname"":""progressmeter"",""target_id"":""progressMeter"",""value"":74} INST f7a2a98d15f05e35 2016-03-23T21:13:13.200Z {""type"":""good"",""target_tagname"":""image"",""target_id"":""progressbar"",""configurationSettings"":""nobridge-noproxy"",""number"":2} INST f7a2a98d15f05e35 2016-03-23T21:13:14.200Z {""type"":""progresschanged"",""target_tagname"":""progressmeter"",""target_id"":""progressMeter"",""value"":80} INST f7a2a98d15f05e35 2016-03-23T21:13:14.200Z {""type"":""good"",""target_tagname"":""image"",""target_id"":""progressbar"",""configurationSettings"":""nobridge-noproxy"",""number"":2} INST f7a2a98d15f05e35 2016-03-23T21:13:14.200Z {""type"":""progresschanged"",""target_tagname"":""progressmeter"",""target_id"":""progressMeter"",""value"":90} INST f7a2a98d15f05e35 2016-03-23T21:13:14.200Z {""type"":""good"",""target_tagname"":""image"",""target_id"":""progressbar"",""configurationSettings"":""nobridge-noproxy"",""number"":2} INST f7a2a98d15f05e35 2016-03-23T21:13:15.000Z {""type"":""progresschanged"",""target_tagname"":""progressmeter"",""target_id"":""progressMeter"",""value"":100} INST f7a2a98d15f05e35 2016-03-23T21:13:15.000Z {""type"":""good"",""target_tagname"":""image"",""target_id"":""progressbar"",""configurationSettings"":""nobridge-noproxy"",""number"":3} INST f7a2a98d15f05e35 2016-03-23T21:13:15.300Z {""type"":""unload"",""target_id"":""configuration""} INST ae5210ab461a9c39 2016-03-23T21:32:49.300Z {""type"":""start""} INST ae5210ab461a9c39 2016-03-23T21:32:50.300Z {""type"":""select"",""target_tagname"":""menulist"",""target_id"":""proxyType"",""value"":""""} INST ae5210ab461a9c39 2016-03-23T21:32:50.300Z {""type"":""wizardnext"",""target_tagname"":""wizard"",""target_id"":""TorNetworkSettings""} INST ae5210ab461a9c39 2016-03-23T21:32:50.300Z {""type"":""pageshow"",""target_tagname"":""wizardpage"",""target_id"":""first""} INST ae5210ab461a9c39 2016-03-23T21:32:50.300Z {""type"":""load"",""target_id"":""configuration""} INST ae5210ab461a9c39 2016-03-23T21:32:50.300Z {""type"":""select"",""target_tagname"":""menulist"",""target_id"":""defaultBridgeType"",""value"":""obfs3""} INST ae5210ab461a9c39 2016-03-23T21:32:50.400Z {""type"":""progresschanged"",""target_tagname"":""progressmeter"",""target_id"":""progressMeter"",""value"":85} INST ae5210ab461a9c39 2016-03-23T21:32:50.400Z {""type"":""good"",""target_tagname"":""image"",""target_id"":""progressbar"",""configurationSettings"":""nobridge-noproxy"",""number"":2} INST ae5210ab461a9c39 2016-03-23T21:32:50.800Z {""type"":""progresschanged"",""target_tagname"":""progressmeter"",""target_id"":""progressMeter"",""value"":90} INST ae5210ab461a9c39 2016-03-23T21:32:50.800Z {""type"":""good"",""target_tagname"":""image"",""target_id"":""progressbar"",""configurationSettings"":""nobridge-noproxy"",""number"":2} INST ae5210ab461a9c39 2016-03-23T21:32:51.700Z {""type"":""progresschanged"",""target_tagname"":""progressmeter"",""target_id"":""progressMeter"",""value"":100} INST ae5210ab461a9c39 2016-03-23T21:32:51.700Z {""type"":""good"",""target_tagname"":""image"",""target_id"":""progressbar"",""configurationSettings"":""nobridge-noproxy"",""number"":3} INST ae5210ab461a9c39 2016-03-23T21:32:52.000Z {""type"":""unload"",""target_id"":""configuration""}",,,
X18,20160330-170145,F,2133.4,T,default,obfs3,"INST f7a2a98d15f05e35 2016-03-23T21:12:08.500Z {""type"":""start""}
INST f7a2a98d15f05e35 2016-03-23T21:12:09.500Z {""type"":""select"",""target_tagname"":""menulist"",""target_id"":""proxyType"",""value"":""""}
INST f7a2a98d15f05e35 2016-03-23T21:12:09.500Z {""type"":""wizardnext"",""target_tagname"":""wizard"",""target_id"":""TorNetworkSettings""}
INST f7a2a98d15f05e35 2016-03-23T21:12:09.500Z {""type"":""pageshow"",""target_tagname"":""wizardpage"",""target_id"":""first""}
INST f7a2a98d15f05e35 2016-03-23T21:12:09.500Z {""type"":""load"",""target_id"":""configuration""}
INST f7a2a98d15f05e35 2016-03-23T21:12:09.500Z {""type"":""select"",""target_tagname"":""menulist"",""target_id"":""defaultBridgeType"",""value"":""obfs3""}
INST f7a2a98d15f05e35 2016-03-23T21:12:27.900Z {""type"":""click"",""target_tagname"":""button"",""target_id"":""connect_button"",""detail"":1}
INST f7a2a98d15f05e35 2016-03-23T21:12:27.900Z {""type"":""pagehide"",""target_tagname"":""wizardpage"",""target_id"":""first""}
INST f7a2a98d15f05e35 2016-03-23T21:12:27.900Z {""type"":""pageadvanced"",""target_tagname"":""wizardpage"",""target_id"":""first""}
INST f7a2a98d15f05e35 2016-03-23T21:12:27.900Z {""type"":""wizardnext"",""target_tagname"":""wizard"",""target_id"":""TorNetworkSettings""}
INST f7a2a98d15f05e35 2016-03-23T21:12:27.900Z {""type"":""pageshow"",""target_tagname"":""wizardpage"",""target_id"":""inlineprogress""}
INST f7a2a98d15f05e35 2016-03-23T21:12:27.900Z {""type"":""command"",""target_tagname"":""button"",""target_id"":""connect_button""}
INST f7a2a98d15f05e35 2016-03-23T21:12:28.100Z {""type"":""progresschanged"",""target_tagname"":""progressmeter"",""target_id"":""progressMeter"",""value"":5}
INST f7a2a98d15f05e35 2016-03-23T21:12:28.100Z {""type"":""good"",""target_tagname"":""image"",""target_id"":""progressbar"",""configurationSettings"":""nobridge-noproxy"",""number"":1}
INST f7a2a98d15f05e35 2016-03-23T21:12:28.100Z {""type"":""progresschanged"",""target_tagname"":""progressmeter"",""target_id"":""progressMeter"",""value"":10}
INST f7a2a98d15f05e35 2016-03-23T21:12:28.100Z {""type"":""good"",""target_tagname"":""image"",""target_id"":""progressbar"",""configurationSettings"":""nobridge-noproxy"",""number"":1}
INST f7a2a98d15f05e35 2016-03-23T21:12:28.200Z {""type"":""progresschanged"",""target_tagname"":""progressmeter"",""target_id"":""progressMeter"",""value"":15}
INST f7a2a98d15f05e35 2016-03-23T21:12:28.200Z {""type"":""good"",""target_tagname"":""image"",""target_id"":""progressbar"",""configurationSettings"":""nobridge-noproxy"",""number"":1}
INST f7a2a98d15f05e35 2016-03-23T21:12:28.300Z {""type"":""progresschanged"",""target_tagname"":""progressmeter"",""target_id"":""progressMeter"",""value"":20}
INST f7a2a98d15f05e35 2016-03-23T21:12:28.300Z {""type"":""good"",""target_tagname"":""image"",""target_id"":""progressbar"",""configurationSettings"":""nobridge-noproxy"",""number"":1}
INST f7a2a98d15f05e35 2016-03-23T21:12:28.400Z {""type"":""progresschanged"",""target_tagname"":""progressmeter"",""target_id"":""progressMeter"",""value"":25}
INST f7a2a98d15f05e35 2016-03-23T21:12:28.400Z {""type"":""good"",""target_tagname"":""image"",""target_id"":""progressbar"",""configurationSettings"":""nobridge-noproxy"",""number"":2}
INST f7a2a98d15f05e35 2016-03-23T21:12:32.400Z {""type"":""progresschanged"",""target_tagname"":""progressmeter"",""target_id"":""progressMeter"",""value"":40}
INST f7a2a98d15f05e35 2016-03-23T21:12:32.400Z {""type"":""good"",""target_tagname"":""image"",""target_id"":""progressbar"",""configurationSettings"":""nobridge-noproxy"",""number"":2}
INST f7a2a98d15f05e35 2016-03-23T21:12:32.700Z {""type"":""progresschanged"",""target_tagname"":""progressmeter"",""target_id"":""progressMeter"",""value"":45}
INST f7a2a98d15f05e35 2016-03-23T21:12:32.700Z {""type"":""good"",""target_tagname"":""image"",""target_id"":""progressbar"",""configurationSettings"":""nobridge-noproxy"",""number"":2}
INST f7a2a98d15f05e35 2016-03-23T21:12:33.700Z {""type"":""progresschanged"",""target_tagname"":""progressmeter"",""target_id"":""progressMeter"",""value"":50}
INST f7a2a98d15f05e35 2016-03-23T21:12:33.700Z {""type"":""good"",""target_tagname"":""image"",""target_id"":""progressbar"",""configurationSettings"":""nobridge-noproxy"",""number"":2}
INST f7a2a98d15f05e35 2016-03-23T21:12:35.900Z {""type"":""progresschanged"",""target_tagname"":""progressmeter"",""target_id"":""progressMeter"",""value"":51}
INST f7a2a98d15f05e35 2016-03-23T21:12:35.900Z {""type"":""good"",""target_tagname"":""image"",""target_id"":""progressbar"",""configurationSettings"":""nobridge-noproxy"",""number"":2}
INST f7a2a98d15f05e35 2016-03-23T21:12:36.100Z {""type"":""progresschanged"",""target_tagname"":""progressmeter"",""target_id"":""progressMeter"",""value"":52}
INST f7a2a98d15f05e35 2016-03-23T21:12:36.100Z {""type"":""good"",""target_tagname"":""image"",""target_id"":""progressbar"",""configurationSettings"":""nobridge-noproxy"",""number"":2}
INST f7a2a98d15f05e35 2016-03-23T21:12:36.400Z {""type"":""progresschanged"",""target_tagname"":""progressmeter"",""target_id"":""progressMeter"",""value"":54}
INST f7a2a98d15f05e35 2016-03-23T21:12:36.400Z {""type"":""good"",""target_tagname"":""image"",""target_id"":""progressbar"",""configurationSettings"":""nobridge-noproxy"",""number"":2}
INST f7a2a98d15f05e35 2016-03-23T21:12:36.800Z {""type"":""progresschanged"",""target_tagname"":""progressmeter"",""target_id"":""progressMeter"",""value"":56}
INST f7a2a98d15f05e35 2016-03-23T21:12:36.800Z {""type"":""good"",""target_tagname"":""image"",""target_id"":""progressbar"",""configurationSettings"":""nobridge-noproxy"",""number"":2}
INST f7a2a98d15f05e35 2016-03-23T21:12:38.800Z {""type"":""progresschanged"",""target_tagname"":""progressmeter"",""target_id"":""progressMeter"",""value"":59}
INST f7a2a98d15f05e35 2016-03-23T21:12:38.800Z {""type"":""good"",""target_tagname"":""image"",""target_id"":""progressbar"",""configurationSettings"":""nobridge-noproxy"",""number"":2}
INST f7a2a98d15f05e35 2016-03-23T21:12:39.200Z {""type"":""progresschanged"",""target_tagname"":""progressmeter"",""target_id"":""progressMeter"",""value"":63}
INST f7a2a98d15f05e35 2016-03-23T21:12:39.200Z {""type"":""good"",""target_tagname"":""image"",""target_id"":""progressbar"",""configurationSettings"":""nobridge-noproxy"",""number"":2}
INST f7a2a98d15f05e35 2016-03-23T21:12:39.200Z {""type"":""progresschanged"",""target_tagname"":""progressmeter"",""target_id"":""progressMeter"",""value"":69}
INST f7a2a98d15f05e35 2016-03-23T21:12:39.200Z {""type"":""good"",""target_tagname"":""image"",""target_id"":""progressbar"",""configurationSettings"":""nobridge-noproxy"",""number"":2}
INST f7a2a98d15f05e35 2016-03-23T21:13:06.900Z {""type"":""progresschanged"",""target_tagname"":""progressmeter"",""target_id"":""progressMeter"",""value"":69}
INST f7a2a98d15f05e35 2016-03-23T21:13:06.900Z {""type"":""good"",""target_tagname"":""image"",""target_id"":""progressbar"",""configurationSettings"":""nobridge-noproxy"",""number"":2}
INST f7a2a98d15f05e35 2016-03-23T21:13:13.200Z {""type"":""progresschanged"",""target_tagname"":""progressmeter"",""target_id"":""progressMeter"",""value"":74}
INST f7a2a98d15f05e35 2016-03-23T21:13:13.200Z {""type"":""good"",""target_tagname"":""image"",""target_id"":""progressbar"",""configurationSettings"":""nobridge-noproxy"",""number"":2}
INST f7a2a98d15f05e35 2016-03-23T21:13:14.200Z {""type"":""progresschanged"",""target_tagname"":""progressmeter"",""target_id"":""progressMeter"",""value"":80}
INST f7a2a98d15f05e35 2016-03-23T21:13:14.200Z {""type"":""good"",""target_tagname"":""image"",""target_id"":""progressbar"",""configurationSettings"":""nobridge-noproxy"",""number"":2}
INST f7a2a98d15f05e35 2016-03-23T21:13:14.200Z {""type"":""progresschanged"",""target_tagname"":""progressmeter"",""target_id"":""progressMeter"",""value"":90}
INST f7a2a98d15f05e35 2016-03-23T21:13:14.200Z {""type"":""good"",""target_tagname"":""image"",""target_id"":""progressbar"",""configurationSettings"":""nobridge-noproxy"",""number"":2}
INST f7a2a98d15f05e35 2016-03-23T21:13:15.000Z {""type"":""progresschanged"",""target_tagname"":""progressmeter"",""target_id"":""progressMeter"",""value"":100}
INST f7a2a98d15f05e35 2016-03-23T21:13:15.000Z {""type"":""good"",""target_tagname"":""image"",""target_id"":""progressbar"",""configurationSettings"":""nobridge-noproxy"",""number"":3}
INST f7a2a98d15f05e35 2016-03-23T21:13:15.300Z {""type"":""unload"",""target_id"":""configuration""}
INST ae5210ab461a9c39 2016-03-23T21:32:49.300Z {""type"":""start""}
INST ae5210ab461a9c39 2016-03-23T21:32:50.300Z {""type"":""select"",""target_tagname"":""menulist"",""target_id"":""proxyType"",""value"":""""}
INST ae5210ab461a9c39 2016-03-23T21:32:50.300Z {""type"":""wizardnext"",""target_tagname"":""wizard"",""target_id"":""TorNetworkSettings""}
INST ae5210ab461a9c39 2016-03-23T21:32:50.300Z {""type"":""pageshow"",""target_tagname"":""wizardpage"",""target_id"":""first""}
INST ae5210ab461a9c39 2016-03-23T21:32:50.300Z {""type"":""load"",""target_id"":""configuration""}
INST ae5210ab461a9c39 2016-03-23T21:32:50.300Z {""type"":""select"",""target_tagname"":""menulist"",""target_id"":""defaultBridgeType"",""value"":""obfs3""}
INST ae5210ab461a9c39 2016-03-23T21:32:50.400Z {""type"":""progresschanged"",""target_tagname"":""progressmeter"",""target_id"":""progressMeter"",""value"":85}
INST ae5210ab461a9c39 2016-03-23T21:32:50.400Z {""type"":""good"",""target_tagname"":""image"",""target_id"":""progressbar"",""configurationSettings"":""nobridge-noproxy"",""number"":2}
INST ae5210ab461a9c39 2016-03-23T21:32:50.800Z {""type"":""progresschanged"",""target_tagname"":""progressmeter"",""target_id"":""progressMeter"",""value"":90}
INST ae5210ab461a9c39 2016-03-23T21:32:50.800Z {""type"":""good"",""target_tagname"":""image"",""target_id"":""progressbar"",""configurationSettings"":""nobridge-noproxy"",""number"":2}
INST ae5210ab461a9c39 2016-03-23T21:32:51.700Z {""type"":""progresschanged"",""target_tagname"":""progressmeter"",""target_id"":""progressMeter"",""value"":100}
INST ae5210ab461a9c39 2016-03-23T21:32:51.700Z {""type"":""good"",""target_tagname"":""image"",""target_id"":""progressbar"",""configurationSettings"":""nobridge-noproxy"",""number"":3}
INST ae5210ab461a9c39 2016-03-23T21:32:52.000Z {""type"":""unload"",""target_id"":""configuration""}
",F,SOCKS4,"INST f7a2a98d15f05e35 2016-03-23T21:12:08.500Z {""type"":""start""} INST f7a2a98d15f05e35 2016-03-23T21:12:09.500Z {""type"":""select"",""target_tagname"":""menulist"",""target_id"":""proxyType"",""value"":""""} INST f7a2a98d15f05e35 2016-03-23T21:12:09.500Z {""type"":""wizardnext"",""target_tagname"":""wizard"",""target_id"":""TorNetworkSettings""} INST f7a2a98d15f05e35 2016-03-23T21:12:09.500Z {""type"":""pageshow"",""target_tagname"":""wizardpage"",""target_id"":""first""} INST f7a2a98d15f05e35 2016-03-23T21:12:09.500Z {""type"":""load"",""target_id"":""configuration""} INST f7a2a98d15f05e35 2016-03-23T21:12:09.500Z {""type"":""select"",""target_tagname"":""menulist"",""target_id"":""defaultBridgeType"",""value"":""obfs3""} INST f7a2a98d15f05e35 2016-03-23T21:12:27.900Z {""type"":""click"",""target_tagname"":""button"",""target_id"":""connect_button"",""detail"":1} INST f7a2a98d15f05e35 2016-03-23T21:12:27.900Z {""type"":""pagehide"",""target_tagname"":""wizardpage"",""target_id"":""first""} INST f7a2a98d15f05e35 2016-03-23T21:12:27.900Z {""type"":""pageadvanced"",""target_tagname"":""wizardpage"",""target_id"":""first""} INST f7a2a98d15f05e35 2016-03-23T21:12:27.900Z {""type"":""wizardnext"",""target_tagname"":""wizard"",""target_id"":""TorNetworkSettings""} INST f7a2a98d15f05e35 2016-03-23T21:12:27.900Z {""type"":""pageshow"",""target_tagname"":""wizardpage"",""target_id"":""inlineprogress""} INST f7a2a98d15f05e35 2016-03-23T21:12:27.900Z {""type"":""command"",""target_tagname"":""button"",""target_id"":""connect_button""} INST f7a2a98d15f05e35 2016-03-23T21:12:28.100Z {""type"":""progresschanged"",""target_tagname"":""progressmeter"",""target_id"":""progressMeter"",""value"":5} INST f7a2a98d15f05e35 2016-03-23T21:12:28.100Z {""type"":""good"",""target_tagname"":""image"",""target_id"":""progressbar"",""configurationSettings"":""nobridge-noproxy"",""number"":1} INST f7a2a98d15f05e35 2016-03-23T21:12:28.100Z {""type"":""progresschanged"",""target_tagname"":""progressmeter"",""target_id"":""progressMeter"",""value"":10} INST f7a2a98d15f05e35 2016-03-23T21:12:28.100Z {""type"":""good"",""target_tagname"":""image"",""target_id"":""progressbar"",""configurationSettings"":""nobridge-noproxy"",""number"":1} INST f7a2a98d15f05e35 2016-03-23T21:12:28.200Z {""type"":""progresschanged"",""target_tagname"":""progressmeter"",""target_id"":""progressMeter"",""value"":15} INST f7a2a98d15f05e35 2016-03-23T21:12:28.200Z {""type"":""good"",""target_tagname"":""image"",""target_id"":""progressbar"",""configurationSettings"":""nobridge-noproxy"",""number"":1} INST f7a2a98d15f05e35 2016-03-23T21:12:28.300Z {""type"":""progresschanged"",""target_tagname"":""progressmeter"",""target_id"":""progressMeter"",""value"":20} INST f7a2a98d15f05e35 2016-03-23T21:12:28.300Z {""type"":""good"",""target_tagname"":""image"",""target_id"":""progressbar"",""configurationSettings"":""nobridge-noproxy"",""number"":1} INST f7a2a98d15f05e35 2016-03-23T21:12:28.400Z {""type"":""progresschanged"",""target_tagname"":""progressmeter"",""target_id"":""progressMeter"",""value"":25} INST f7a2a98d15f05e35 2016-03-23T21:12:28.400Z {""type"":""good"",""target_tagname"":""image"",""target_id"":""progressbar"",""configurationSettings"":""nobridge-noproxy"",""number"":2} INST f7a2a98d15f05e35 2016-03-23T21:12:32.400Z {""type"":""progresschanged"",""target_tagname"":""progressmeter"",""target_id"":""progressMeter"",""value"":40} INST f7a2a98d15f05e35 2016-03-23T21:12:32.400Z {""type"":""good"",""target_tagname"":""image"",""target_id"":""progressbar"",""configurationSettings"":""nobridge-noproxy"",""number"":2} INST f7a2a98d15f05e35 2016-03-23T21:12:32.700Z {""type"":""progresschanged"",""target_tagname"":""progressmeter"",""target_id"":""progressMeter"",""value"":45} INST f7a2a98d15f05e35 2016-03-23T21:12:32.700Z {""type"":""good"",""target_tagname"":""image"",""target_id"":""progressbar"",""configurationSettings"":""nobridge-noproxy"",""number"":2} INST f7a2a98d15f05e35 2016-03-23T21:12:33.700Z {""type"":""progresschanged"",""target_tagname"":""progressmeter"",""target_id"":""progressMeter"",""value"":50} INST f7a2a98d15f05e35 2016-03-23T21:12:33.700Z {""type"":""good"",""target_tagname"":""image"",""target_id"":""progressbar"",""configurationSettings"":""nobridge-noproxy"",""number"":2} INST f7a2a98d15f05e35 2016-03-23T21:12:35.900Z {""type"":""progresschanged"",""target_tagname"":""progressmeter"",""target_id"":""progressMeter"",""value"":51} INST f7a2a98d15f05e35 2016-03-23T21:12:35.900Z {""type"":""good"",""target_tagname"":""image"",""target_id"":""progressbar"",""configurationSettings"":""nobridge-noproxy"",""number"":2} INST f7a2a98d15f05e35 2016-03-23T21:12:36.100Z {""type"":""progresschanged"",""target_tagname"":""progressmeter"",""target_id"":""progressMeter"",""value"":52} INST f7a2a98d15f05e35 2016-03-23T21:12:36.100Z {""type"":""good"",""target_tagname"":""image"",""target_id"":""progressbar"",""configurationSettings"":""nobridge-noproxy"",""number"":2} INST f7a2a98d15f05e35 2016-03-23T21:12:36.400Z {""type"":""progresschanged"",""target_tagname"":""progressmeter"",""target_id"":""progressMeter"",""value"":54} INST f7a2a98d15f05e35 2016-03-23T21:12:36.400Z {""type"":""good"",""target_tagname"":""image"",""target_id"":""progressbar"",""configurationSettings"":""nobridge-noproxy"",""number"":2} INST f7a2a98d15f05e35 2016-03-23T21:12:36.800Z {""type"":""progresschanged"",""target_tagname"":""progressmeter"",""target_id"":""progressMeter"",""value"":56} INST f7a2a98d15f05e35 2016-03-23T21:12:36.800Z {""type"":""good"",""target_tagname"":""image"",""target_id"":""progressbar"",""configurationSettings"":""nobridge-noproxy"",""number"":2} INST f7a2a98d15f05e35 2016-03-23T21:12:38.800Z {""type"":""progresschanged"",""target_tagname"":""progressmeter"",""target_id"":""progressMeter"",""value"":59} INST f7a2a98d15f05e35 2016-03-23T21:12:38.800Z {""type"":""good"",""target_tagname"":""image"",""target_id"":""progressbar"",""configurationSettings"":""nobridge-noproxy"",""number"":2} INST f7a2a98d15f05e35 2016-03-23T21:12:39.200Z {""type"":""progresschanged"",""target_tagname"":""progressmeter"",""target_id"":""progressMeter"",""value"":63} INST f7a2a98d15f05e35 2016-03-23T21:12:39.200Z {""type"":""good"",""target_tagname"":""image"",""target_id"":""progressbar"",""configurationSettings"":""nobridge-noproxy"",""number"":2} INST f7a2a98d15f05e35 2016-03-23T21:12:39.200Z {""type"":""progresschanged"",""target_tagname"":""progressmeter"",""target_id"":""progressMeter"",""value"":69} INST f7a2a98d15f05e35 2016-03-23T21:12:39.200Z {""type"":""good"",""target_tagname"":""image"",""target_id"":""progressbar"",""configurationSettings"":""nobridge-noproxy"",""number"":2} INST f7a2a98d15f05e35 2016-03-23T21:13:06.900Z {""type"":""progresschanged"",""target_tagname"":""progressmeter"",""target_id"":""progressMeter"",""value"":69} INST f7a2a98d15f05e35 2016-03-23T21:13:06.900Z {""type"":""good"",""target_tagname"":""image"",""target_id"":""progressbar"",""configurationSettings"":""nobridge-noproxy"",""number"":2} INST f7a2a98d15f05e35 2016-03-23T21:13:13.200Z {""type"":""progresschanged"",""target_tagname"":""progressmeter"",""target_id"":""progressMeter"",""value"":74} INST f7a2a98d15f05e35 2016-03-23T21:13:13.200Z {""type"":""good"",""target_tagname"":""image"",""target_id"":""progressbar"",""configurationSettings"":""nobridge-noproxy"",""number"":2} INST f7a2a98d15f05e35 2016-03-23T21:13:14.200Z {""type"":""progresschanged"",""target_tagname"":""progressmeter"",""target_id"":""progressMeter"",""value"":80} INST f7a2a98d15f05e35 2016-03-23T21:13:14.200Z {""type"":""good"",""target_tagname"":""image"",""target_id"":""progressbar"",""configurationSettings"":""nobridge-noproxy"",""number"":2} INST f7a2a98d15f05e35 2016-03-23T21:13:14.200Z {""type"":""progresschanged"",""target_tagname"":""progressmeter"",""target_id"":""progressMeter"",""value"":90} INST f7a2a98d15f05e35 2016-03-23T21:13:14.200Z {""type"":""good"",""target_tagname"":""image"",""target_id"":""progressbar"",""configurationSettings"":""nobridge-noproxy"",""number"":2} INST f7a2a98d15f05e35 2016-03-23T21:13:15.000Z {""type"":""progresschanged"",""target_tagname"":""progressmeter"",""target_id"":""progressMeter"",""value"":100} INST f7a2a98d15f05e35 2016-03-23T21:13:15.000Z {""type"":""good"",""target_tagname"":""image"",""target_id"":""progressbar"",""configurationSettings"":""nobridge-noproxy"",""number"":3} INST f7a2a98d15f05e35 2016-03-23T21:13:15.300Z {""type"":""unload"",""target_id"":""configuration""} INST ae5210ab461a9c39 2016-03-23T21:32:49.300Z {""type"":""start""} INST ae5210ab461a9c39 2016-03-23T21:32:50.300Z {""type"":""select"",""target_tagname"":""menulist"",""target_id"":""proxyType"",""value"":""""} INST ae5210ab461a9c39 2016-03-23T21:32:50.300Z {""type"":""wizardnext"",""target_tagname"":""wizard"",""target_id"":""TorNetworkSettings""} INST ae5210ab461a9c39 2016-03-23T21:32:50.300Z {""type"":""pageshow"",""target_tagname"":""wizardpage"",""target_id"":""first""} INST ae5210ab461a9c39 2016-03-23T21:32:50.300Z {""type"":""load"",""target_id"":""configuration""} INST ae5210ab461a9c39 2016-03-23T21:32:50.300Z {""type"":""select"",""target_tagname"":""menulist"",""target_id"":""defaultBridgeType"",""value"":""obfs3""} INST ae5210ab461a9c39 2016-03-23T21:32:50.400Z {""type"":""progresschanged"",""target_tagname"":""progressmeter"",""target_id"":""progressMeter"",""value"":85} INST ae5210ab461a9c39 2016-03-23T21:32:50.400Z {""type"":""good"",""target_tagname"":""image"",""target_id"":""progressbar"",""configurationSettings"":""nobridge-noproxy"",""number"":2} INST ae5210ab461a9c39 2016-03-23T21:32:50.800Z {""type"":""progresschanged"",""target_tagname"":""progressmeter"",""target_id"":""progressMeter"",""value"":90} INST ae5210ab461a9c39 2016-03-23T21:32:50.800Z {""type"":""good"",""target_tagname"":""image"",""target_id"":""progressbar"",""configurationSettings"":""nobridge-noproxy"",""number"":2} INST ae5210ab461a9c39 2016-03-23T21:32:51.700Z {""type"":""progresschanged"",""target_tagname"":""progressmeter"",""target_id"":""progressMeter"",""value"":100} INST ae5210ab461a9c39 2016-03-23T21:32:51.700Z {""type"":""good"",""target_tagname"":""image"",""target_id"":""progressbar"",""configurationSettings"":""nobridge-noproxy"",""number"":3} INST ae5210ab461a9c39 2016-03-23T21:32:52.000Z {""type"":""unload"",""target_id"":""configuration""}",,,
X23,20160323-133346,F,7.2,F,none,obfs3,,F,,,,,
X23,20160323-133346,F,426.1,T,default,obfs3,,F,,,,,
X23,20160328-133820,F,40.9,T,default,obfs3,,F,,,,,
X23,20160328-133820,F,175.6,T,default,obfs3,,F,,,,,
X23,20160328-133820,F,269.1,T,default,obfs3,,F,,,,,
X23,20160328-133820,F,328.3,T,default,obfs3,,F,,,,,
X23,20160328-133820,T,386.2,T,default,meek-google,,F,HTTP,,,,
X23,20160328-155924,F,6.8,F,none,obfs3,,F,,,,,
X23,20160328-155924,F,48.8,F,none,obfs3,,F,,,,,
X23,20160328-155924,F,188.1,T,default,obfs3,,F,,,,,
X23,20160328-155924,F,353.8,T,default,obfs3,,F,,,,,
X23,20160328-155924,F,912.0,F,none,obfs3,,F,HTTP,,,,
X23,20160328-155924,F,1757.0,T,custom,obfs3,141.201.27.48:443 4352e58420e68f5e40bf7c74faddccd9d1349413,F,SOCKS4,,,,
X23,20160328-155924,F,1805.4,T,custom,obfs3,141.201.27.48:443 4352e58420e68f5e40bf7c74faddccd9d1349413,F,SOCKS4,,,,
X23,20160328-155924,F,1822.6,T,default,flashproxy,141.201.27.48:443 4352e58420e68f5e40bf7c74faddccd9d1349413,F,SOCKS4,,,,
X23,20160328-155924,F,1875.6,T,default,flashproxy,141.201.27.48:443 4352e58420e68f5e40bf7c74faddccd9d1349413,F,,,,,
X23,20160328-155924,F,1905.4,T,default,flashproxy,141.201.27.48:443 4352e58420e68f5e40bf7c74faddccd9d1349413,F,,,,,
X23,20160328-155924,F,1934.1,T,default,fte,141.201.27.48:443 4352e58420e68f5e40bf7c74faddccd9d1349413,F,,,,,
X23,20160328-155924,F,1963.5,T,default,fte-ipv6,141.201.27.48:443 4352e58420e68f5e40bf7c74faddccd9d1349413,F,,,,,
X23,20160328-155924,F,2055.3,T,custom,fte-ipv6,117.199.213.96:443,F,,,,,
X23,20160328-155924,F,2369.6,T,custom,obfs3,117.199.213.96:443,F,,,,,
X29,20160328-134332,F,13.6,F,none,obfs3,,F,,,,,
X29,20160328-134332,F,134.0,F,none,obfs3,,F,,,,,
X29,20160328-134332,F,911.6,T,default,obfs3,,F,,,,,
X29,20160328-134332,F,1016.0,F,none,obfs3,,F,,,,,
X29,20160328-134332,T,1044.0,T,default,meek-google,,F,,,,,
X29,20160328-155952,F,5.0,F,none,obfs3,,F,,,,,
X29,20160328-155952,F,105.8,T,default,obfs3,,F,,,,,
X29,20160328-155952,F,237.4,T,default,obfs3,,F,,,,,
X29,20160328-155952,F,249.4,F,none,obfs3,,F,,,,,
X29,20160328-155952,F,533.9,T,default,obfs3,,F,,,,,
X29,20160328-155952,F,920.3,T,default,flashproxy,,F,,,,,
X29,20160328-155952,F,1014.5,T,default,meek-google,,F,,,,,
X29,20160328-155952,F,1032.8,T,default,fte,,F,,,,,
X29,20160328-155952,F,1147.4,T,default,fte-ipv6,,F,,,,,
X29,20160328-155952,F,1296.7,T,default,scramblesuit,,F,,,,,
X29,20160328-155952,F,1460.1,T,default,obfs4,,F,,,,,
X29,20160328-155952,F,1633.6,T,default,fte-ipv6,,F,,,,,
X29,20160328-155952,T,1846.4,T,default,meek-amazon,,F,,,,,
X29,20160328-155952,T,2143.2,T,default,meek-azure,,F,,,,,
X29,20160328-155952,F,2187.1,T,default,flashproxy,,F,,,,,
X29,20160328-155952,F,2204.3,T,default,obfs3,,F,,,,,
X29,20160328-155952,F,2216.1,T,default,meek-amazon,,F,,,,,
X29,20160328-155952,T,2231.9,T,default,meek-azure,,F,,,,,
X06,20160323-131957,F,30.8,F,none,obfs3,,F,,,,,
X06,20160323-131957,F,182.6,F,none,obfs3,,F,,,,,
X06,20160323-131957,F,230.3,T,default,obfs3,,F,,,,,
X06,20160323-131957,F,387.3,T,default,obfs3,,F,,,,,
X06,20160323-131957,T,437.5,T,default,meek-azure,,F,,,,,
X06,20160324-155002,F,11.0,F,none,obfs3,,F,,,,,
X06,20160324-155002,F,177.6,F,none,obfs3,,F,,,,,
X06,20160324-155002,F,199.3,F,none,obfs3,,F,,,,,
X06,20160324-155002,F,512.6,T,default,obfs3,,F,,,,,
X06,20160324-155002,F,683.9,T,default,obfs3,,F,,,,,
X06,20160324-155002,F,733.4,T,default,obfs3,,F,,,,,
X06,20160324-155002,F,1011.7,T,default,obfs3,,F,,,,,
X06,20160324-155002,F,1255.7,T,default,flashproxy,,F,,,,,
X06,20160324-155002,F,1422.1,T,default,flashproxy,,F,,,,,
X06,20160324-155002,T,1438.3,T,default,meek-amazon,,F,,,,,
X06,20160325-175101,F,95.6,F,none,obfs3,,F,,,,,
X06,20160325-175101,F,292.5,T,default,obfs3,,F,,,,,
X06,20160325-175101,F,548.1,T,default,obfs3,,T,HTTP,128.32.229.114,25,,
X06,20160325-175101,F,632.9,T,default,obfs3,,T,SOCKS4,128.32.229.114,10881,,
X06,20160325-175101,F,687.7,T,default,obfs3,,T,SOCKS4,128.32.229.114,10881,,
X06,20160325-175101,F,714.4,T,default,obfs3,,F,SOCKS4,128.32.229.114,10881,,
X06,20160325-175101,F,811.5,T,default,obfs3,,T,SOCKS4,128.32.229.114,10881,,
X06,20160325-175101,F,893.5,T,default,obfs3,,T,SOCKS5,128.32.229.114,10881,,
X06,20160325-175101,F,901.8,T,default,obfs3,,T,HTTP,128.32.229.114,10881,,
X06,20160325-175101,F,915.7,T,default,obfs3,,T,HTTP,128.32.229.114,10881,,
X06,20160325-175101,F,1342.0,T,default,obfs4,,T,HTTP,128.32.229.114,10881,,
X06,20160325-175101,F,1358.3,T,default,obfs3,,T,HTTP,128.32.229.114,10881,,
X06,20160325-175101,F,1530.5,T,default,obfs3,,F,HTTP,128.32.229.114,10881,,
X06,20160325-175101,F,1569.1,T,default,obfs3,,F,HTTP,128.32.229.114,10881,,
X06,20160325-175101,F,1592.1,T,default,obfs3,,F,,128.32.229.114,10881,,
X06,20160325-175101,F,1816.8,T,default,flashproxy,,T,SOCKS4,128.32.229.114,57445,,
X06,20160325-175101,F,1838.4,T,default,scramblesuit,,T,SOCKS4,128.32.229.114,57445,,
X06,20160325-175101,F,1919.1,T,default,obfs3,,T,HTTP,128.32.229.114,57445,,
X06,20160325-175101,F,2057.4,T,default,obfs3,,F,HTTP,128.32.229.114,57445,,
X06,20160325-175101,F,2499.9,T,default,obfs3,,T,HTTP,128.32.229.114,57445,,
X06,20160328-132053,F,12.6,F,none,obfs3,,F,,,,,
X06,20160328-132053,F,160.8,F,none,obfs3,,F,,,,,
X06,20160328-132053,F,255.9,F,none,obfs3,,F,,,,,
X06,20160328-132053,F,324.1,F,none,obfs3,,F,,,,,
X06,20160328-132053,F,465.1,F,none,obfs3,,F,,,,,
X06,20160328-132053,F,583.6,F,none,obfs3,,F,,,,,
X06,20160328-132053,F,750.4,T,default,obfs3,,F,,,,,
X06,20160328-132053,F,899.1,T,default,obfs3,,F,,,,,
X06,20160328-132053,F,959.4,T,default,obfs3,,F,,,,,
X06,20160328-155931,F,56.6,T,default,obfs3,,F,HTTP,,,,
X06,20160328-155931,F,134.6,T,default,obfs3,,F,HTTP,,,,
X06,20160328-155931,F,312.0,T,default,obfs3,,F,HTTP,,,,
X06,20160328-155931,T,440.4,T,default,meek-google,,F,HTTP,,,,
X06,20160330-161525,F,8.2,F,none,obfs3,,F,,,,,
X06,20160330-161525,F,424.1,F,none,obfs3,,F,,,,,
X06,20160330-181926,F,46.9,T,default,obfs3,,F,,,,,
X06,20160330-181926,F,166.2,F,default,obfs3,,F,,,,,
X06,20160330-181926,F,202.0,F,default,obfs3,,F,,,,,
X06,20160330-181926,F,763.4,T,default,fte-ipv6,,F,,,,,
X06,20160330-181926,F,785.6,T,default,meek-amazon,,F,,,,,
X06,20160330-181926,F,792.2,T,default,meek-azure,,F,,,,,
X06,20160330-181926,F,798.4,T,default,meek-google,,F,,,,,
X06,20160330-181926,F,807.9,T,default,scramblesuit,,F,,,,,
X06,20160330-181926,F,816.9,T,default,obfs3,,F,,,,,
X06,20160330-181926,F,828.8,T,default,obfs3,,F,,,,,
X06,20160330-181926,F,2223.7,T,default,obfs3,,F,,,,,
X06,20160330-181926,F,2235.8,F,default,obfs3,,F,,,,,
X06,20160330-181926,F,2256.8,T,default,obfs3,,F,,,,,
X06,20160331-174650,F,108.5,F,default,obfs3,,F,,,,,
X06,20160331-174650,F,191.3,T,default,obfs3,,F,,,,,
X06,20160331-174650,F,497.8,T,default,meek-google,,T,HTTP,,,,
X06,20160331-174650,F,566.0,T,default,obfs3,,F,HTTP,,,,
X06,20160331-174650,F,636.9,T,default,obfs3,,F,HTTP,,,,
X06,20160331-174650,F,932.3,F,default,obfs3,,F,,,,,
X06,20160331-174650,F,1085.8,F,default,obfs3,,F,,,,,
X06,20160331-174650,F,1451.6,T,default,flashproxy,,F,,,,,
X06,20160331-174650,F,1508.9,T,default,flashproxy,,F,,,,,
X06,20160331-174650,F,1656.5,T,default,flashproxy,,F,,,,,
X06,20160331-174650,F,1977.0,T,default,obfs3,,F,,,,,
X12,20160323-132600,F,10.2,F,none,obfs3,,F,,,,,
X12,20160323-132600,F,47.6,F,none,obfs3,,F,,,,,
X12,20160323-132600,F,139.4,F,none,obfs3,,F,,,,,
X12,20160323-132600,T,355.4,T,default,meek-google,,F,HTTP,,,,
X12,20160325-140813,F,21.7,F,none,obfs3,,F,,,,,
X12,20160325-140813,F,120.9,T,default,obfs3,,F,,,,,
X12,20160328-132605,F,6.1,F,none,obfs3,,F,,,,,
X12,20160328-132605,F,58.5,F,none,obfs3,,F,,,,,
X12,20160328-132605,T,275.1,T,default,meek-amazon,,F,SOCKS4,,,,
X12,20160328-160010,F,5.6,F,none,obfs3,,F,,,,,
X12,20160328-160010,F,53.7,F,none,obfs3,,F,,,,,
X12,20160328-160010,F,587.6,T,default,obfs3,,F,SOCKS5,,,,
X12,20160328-160010,F,1020.8,T,default,obfs3,,F,SOCKS5,localhost,0,,
X12,20160328-160010,F,1278.4,T,default,obfs3,,F,SOCKS5,localhost,0,,
X12,20160328-160010,F,1365.5,F,default,obfs3,,F,SOCKS5,localhost,0,,
X12,20160328-160010,F,1828.6,F,default,obfs3,,T,SOCKS5,71.40.204.244,43032,,
X12,20160328-160010,F,1883.0,F,default,obfs3,,T,SOCKS5,71.40.204.244,43032,,
X12,20160328-160010,F,1965.9,F,default,obfs3,,F,SOCKS5,71.40.204.244,43032,,
X12,20160328-160010,F,2045.5,F,default,obfs3,,F,SOCKS5,71.40.204.244,43032,,
X12,20160328-160010,T,2370.5,F,default,obfs3,,T,HTTP,216.220.165.62,8080,,
X12,20160330-161525,F,16.5,F,none,obfs3,,F,,,,,
X12,20160330-161525,F,150.8,T,default,obfs3,,F,,,,,
X12,20160330-161525,F,272.2,F,default,obfs3,,F,,,,,
X12,20160330-161525,F,306.9,F,default,obfs3,,F,,,,,
X12,20160330-161525,F,377.9,T,default,obfs3,,F,,,,,
X12,20160330-161525,F,494.1,T,default,obfs3,,F,,,,,
X12,20160330-161525,F,531.0,F,default,obfs3,,F,,,,,
X12,20160330-161525,F,697.1,T,default,flashproxy,,F,,,,,
X12,20160330-161525,T,728.2,T,default,meek-amazon,,F,,,,,
X12,20160330-182011,F,70.1,F,none,obfs3,,F,,,,,
X12,20160330-182011,F,127.3,F,none,obfs3,,F,,,,,
X12,20160330-182011,F,262.8,F,none,obfs3,,F,,,,,
X12,20160330-182011,F,469.8,F,none,obfs3,,F,,,,,
X12,20160330-182011,F,1278.8,F,default,obfs3,,F,,,,,
X12,20160331-153055,F,20.8,F,none,obfs3,,F,,,,,
X12,20160331-153055,F,192.4,T,default,obfs3,,F,,,,,
X12,20160331-153055,F,389.0,T,default,obfs3,,F,,,,,
X12,20160331-153055,F,465.6,T,default,obfs3,,F,,,,,
X12,20160331-153055,F,476.2,F,default,obfs3,,F,,,,,
X12,20160331-153055,F,762.8,F,default,obfs3,,T,,,,,
X12,20160331-153055,F,784.9,F,default,obfs3,,F,,,,,
X18,20160323-133013,F,167.9,F,none,obfs3,,F,,,,,
X18,20160323-133013,F,207.3,F,none,obfs3,,F,,,,,
X18,20160323-133013,F,248.9,T,default,obfs3,,F,,,,,
X18,20160323-133013,F,431.6,T,default,obfs3,,T,SOCKS5,123.0.0.1,,,
X18,20160323-133013,F,442.4,T,default,obfs3,,T,SOCKS5,127.0.0.1,,,
X18,20160323-133013,F,466.7,T,default,obfs3,,F,SOCKS5,127.0.0.1,,,
X18,20160323-133013,F,555.7,T,default,obfs3,,F,SOCKS5,127.0.0.1,,,
X18,20160323-133013,F,573.5,T,default,obfs3,,F,SOCKS5,127.0.0.1,,,
X18,20160323-133013,F,758.0,T,default,obfs3,,F,SOCKS5,127.0.0.1,,,
X18,20160323-133013,F,835.4,T,default,flashproxy,,F,,127.0.0.1,,,
X18,20160323-133013,F,942.7,T,default,obfs4,,F,,127.0.0.1,,,
X18,20160323-133013,F,968.9,T,default,obfs3,,F,,127.0.0.1,,,
X18,20160323-133013,F,1169.5,T,default,obfs3,,F,,127.0.0.1,,,
X18,20160323-133013,F,1400.1,T,default,obfs3,,F,,127.0.0.1,,,
X18,20160323-133013,F,1456.4,T,default,fte,,F,,127.0.0.1,,,
X18,20160323-133013,F,1481.8,T,default,fte-ipv6,,F,,127.0.0.1,,,
X18,20160323-133013,F,1697.8,T,default,scramblesuit,,F,,127.0.0.1,,,
X18,20160323-133013,T,1929.4,T,default,meek-google,,F,,127.0.0.1,,,
X18,20160328-133350,F,132.7,F,none,obfs3,,F,,,,,
X18,20160328-133350,F,196.5,F,none,obfs3,,F,,,,,
X18,20160328-133350,F,220.5,T,default,obfs3,,F,,,,,
X18,20160328-133350,F,498.4,T,default,flashproxy,,F,,,,,
X18,20160328-133350,F,516.6,T,default,fte,,F,,,,,
X18,20160328-133350,F,566.2,T,default,obfs3,,F,,,,,
X18,20160328-133350,F,1030.6,F,default,obfs3,,F,,,,,
X18,20160328-133350,F,1050.7,T,default,obfs3,,F,,,,,
X18,20160328-133350,F,1219.1,T,default,fte,,F,,,,,
X18,20160328-133350,F,1334.0,T,default,obfs3,,F,,,,,
X18,20160328-133350,T,1424.6,T,default,meek-google,,F,,,,,
X18,20160328-160040,F,39.6,F,none,obfs3,,F,,,,,
X18,20160328-160040,F,368.9,F,none,obfs3,,F,,,,,
X18,20160328-160040,F,1080.8,T,default,obfs3,,F,HTTP,,,,
X18,20160328-160040,F,1191.0,T,default,obfs3,,F,HTTP,,,,
X18,20160328-160040,F,1259.8,T,default,flashproxy,,F,HTTP,,,,
X18,20160328-160040,F,1312.7,T,default,fte,,F,HTTP,,,,
X18,20160328-160040,F,1366.8,T,default,fte-ipv6,,F,HTTP,,,,
X18,20160328-160040,T,1399.0,T,default,meek-amazon,,F,HTTP,,,,
X24,20160328-133857,F,29.1,T,default,obfs3,,F,,,,,
X24,20160328-133857,F,305.0,T,default,obfs3,,F,,,,,
X24,20160328-133857,F,460.4,T,default,obfs3,,F,,,,,
X24,20160328-133857,F,534.2,T,default,obfs3,,F,,,,,
X24,20160328-133857,F,1006.9,T,custom,obfs3,,F,,,,,
X24,20160328-133857,F,1113.1,T,custom,obfs3,,F,,,,,
X24,20160328-133857,F,1177.5,T,custom,obfs3,,F,,,,,
X24,20160328-133857,F,1212.8,T,default,obfs3,,F,,,,,
X24,20160328-133857,F,1248.2,T,default,obfs3,,F,,,,,
X24,20160328-133857,F,1297.0,T,custom,obfs3,,F,,,,,
X24,20160328-133857,F,1535.4,T,default,flashproxy,,F,,,,,
X24,20160328-133857,F,1552.4,T,default,fte,,F,,,,,
X24,20160328-133857,F,1616.6,T,custom,fte,,F,,,,,
X24,20160328-133857,F,1700.4,T,custom,obfs3,,F,,,,,
X24,20160328-155926,F,491.4,F,default,obfs3,,F,,,,,
X24,20160328-155926,F,683.0,F,default,obfs3,,T,HTTP,128.32.229.105,,,
X24,20160328-155926,F,730.6,F,default,obfs3,,T,HTTP,64.22.103.201,,,
X24,20160328-155926,F,1284.6,F,default,obfs3,,T,HTTP,64.22.103.201,,,
X24,20160328-155926,F,1330.6,T,default,obfs3,,F,HTTP,64.22.103.201,,,
X24,20160328-155926,F,1549.1,T,default,obfs3,,T,SOCKS4,128.32.229.105,,,
X24,20160328-155926,F,1555.6,T,default,obfs3,,T,SOCKS4,128.32.229.105,1,,
X24,20160328-155926,F,1604.9,T,default,obfs3,,T,SOCKS4,128.32.229.105,24,,
X24,20160328-155926,F,2079.0,T,default,obfs3,,T,HTTP,192.168.1.1,2869,,
X24,20160328-155926,F,2151.3,T,default,obfs3,,T,HTTP,127.0.0.1,,,
X24,20160328-155926,F,2333.8,T,default,obfs3,,T,SOCKS4,127.0.0.1,,,
X24,20160328-155926,F,2340.4,T,default,obfs3,,T,SOCKS5,127.0.0.1,,,
X30,20160328-134412,F,83.2,F,none,obfs3,,F,,,,,
X30,20160328-134412,F,622.6,F,none,obfs3,,F,,,,,
X30,20160328-134412,F,692.3,F,none,obfs3,,F,,,,,
X30,20160328-134412,F,744.3,T,default,obfs3,,F,,,,,
X30,20160328-134412,F,1138.0,T,default,obfs3,,T,HTTP,www.torproject.org,,,
X30,20160328-134412,F,1236.1,T,default,obfs3,,F,HTTP,www.torproject.org,,,
X30,20160328-134412,F,1384.5,T,default,obfs3,,F,HTTP,www.torproject.org,,,
X30,20160328-134412,F,1437.6,T,default,obfs3,,F,,www.torproject.org,,,
X30,20160328-134412,F,1666.8,T,default,obfs3,,T,HTTP,128.32.229.78,,,
X30,20160328-134412,F,1731.8,T,default,obfs3,,T,SOCKS4,128.32.229.78,,,
X30,20160328-134412,F,1786.3,T,default,obfs3,,T,SOCKS5,128.32.229.78,,,
X30,20160328-134412,F,1846.2,T,default,obfs3,,F,SOCKS5,128.32.229.78,,,
X30,20160328-134412,F,1908.9,T,default,obfs3,,F,SOCKS5,128.32.229.78,,,
X30,20160328-134412,F,1983.5,T,default,obfs3,,T,HTTP,128.32.229.78,,,
X30,20160328-134412,F,2093.5,T,default,obfs3,,T,HTTP,128.32.229.78,,,
X30,20160328-134412,F,2230.4,F,default,obfs3,,T,HTTP,128.32.229.78,,,
X30,20160328-134412,F,2292.7,F,default,obfs3,,T,HTTP,www.torproject.org,,,
X30,20160328-134412,F,2375.2,F,default,obfs3,,F,HTTP,www.torproject.org,,,
